"Variable / Field Name","Form Name","Section Header","Field Type","Field Label","Choices, Calculations, OR Slider Labels","Field Note","Text Validation Type OR Show Slider Number","Text Validation Min","Text Validation Max",Identifier?,"Branching Logic (Show field only if...)","Required Field?","Custom Alignment","Question Number (surveys only)","Matrix Group Name","Matrix Ranking?","Field Annotation"
record_id,aimi_predictions,,text,"Record ID",,*autofilled,,,,,,,,,,,
model_config,aimi_predictions,,text,"model config",,*autofilled,,,,,,,,,,,
model_results,aimi_predictions,,text,"model results",,*autofilled,,,,,,,,,,,
model_top_predictions,aimi_predictions,,text,"Model Top Prediction(s)",,*autofilled,,,,,,,,,,,
model_prediction_time,aimi_predictions,,text,"Model Prediction Time (ms)",,*autofilled,,,,,,,,,,,
partner_ground_truth,aimi_predictions,,text,"Ground Truth

<em>Please input a 0/1(true/false) for each respective predictionlabel</em>
",,"eg; 0,0,1,0,1",,,,,,,,,,,
